{
    "learning_rate": 0.0003,
    "final_lr": 0.0001796210817715136,
    "n_steps": 2048,
    "batch_size": 64,
    "n_epochs": 10,
    "gamma": 0.99,
    "gae_lambda": 0.95,
    "clip_range": 0.2,
    "ent_coef": 0.0,
    "training_time": 372.1323359012604,
    "total_timesteps": 100000,
    "version": 1,
    "model_type": "ppo",
    "timestamp": "2025-04-24T00:00:38.177469",
    "model_path": "./models/ppo_corn_irrigation_v1.zip"
}