{
    "learning_rate": 0.0007,
    "final_lr": 0.00041911585746686505,
    "gamma": 0.99,
    "n_steps": 8,
    "ent_coef": 0.01,
    "vf_coef": 0.5,
    "seed": 42,
    "training_time": 236.46917581558228,
    "total_timesteps": 100000,
    "best_reward": 995.3827269254782,
    "version": 3,
    "model_type": "a2c",
    "timestamp": "2025-04-23T21:52:04.031123",
    "model_path": "./models/a2c_corn_irrigation_v3.zip"
}