{
    "A2C": {
        "mean_reward": 1142.3639952157037,
        "std_reward": 150.66058817389708,
        "min_reward": 892.1231894726601,
        "max_reward": 1332.3413727847403,
        "mean_episode_length": 120.0,
        "rewards": [
            897.1310857045224,
            1309.975487572419,
            1279.9103838612932,
            1254.892797003535,
            1097.2608633555994,
            1332.3413727847403,
            1170.7712994434874,
            1117.626104492791,
            1071.6073684659882,
            892.1231894726601
        ],
        "episode_lengths": [
            120,
            120,
            120,
            120,
            120,
            120,
            120,
            120,
            120,
            120
        ],
        "mean_yield": 1.5505665869284084,
        "yields": [
            1.2238514284087152,
            1.8179247928736642,
            1.4718397310215625,
            1.7748799500589305,
            1.4860143892599915,
            1.8256895464123748,
            1.557854990724818,
            1.4887684082131956,
            1.6284561410998202,
            1.2303864912110147
        ],
        "mean_water_usage": 205.5,
        "water_usage": [
            195,
            210,
            210,
            210,
            195,
            210,
            210,
            210,
            195,
            210
        ],
        "mean_water_efficiency": 0.007542563306207386,
        "water_efficiency": [
            0.006276161171326744,
            0.00865678472796983,
            0.0070087606239122024,
            0.008451809285994908,
            0.0076205866115897,
            0.008693759744820832,
            0.00741835709868961,
            0.007089373372443788,
            0.008351057133845232,
            0.005858983291481022
        ]
    },
    "PPO": {
        "mean_reward": 1178.4747756386396,
        "std_reward": 61.73776300712531,
        "min_reward": 1117.9623397705566,
        "max_reward": 1337.0958016333027,
        "mean_episode_length": 120.0,
        "rewards": [
            1142.4250444054317,
            1204.5922305852187,
            1117.9623397705566,
            1337.0958016333027,
            1147.9361347539823,
            1186.2446331811261,
            1127.9721065098345,
            1130.7352145392924,
            1216.6843390729173,
            1173.099911934732
        ],
        "episode_lengths": [
            120,
            120,
            120,
            120,
            120,
            120,
            120,
            120,
            120,
            120
        ],
        "mean_yield": 1.6150795939773377,
        "yields": [
            1.7070840734238768,
            1.606537176420329,
            1.5927056628426088,
            1.5799300272217176,
            1.7256022458997167,
            1.6157438863521238,
            1.5145351084972645,
            1.435586908988216,
            1.7480723178819702,
            1.6249985322455551
        ],
        "mean_water_usage": 210.0,
        "water_usage": [
            210,
            210,
            210,
            210,
            210,
            210,
            210,
            210,
            200,
            220
        ],
        "mean_water_efficiency": 0.007697302850485692,
        "water_efficiency": [
            0.008128971778208937,
            0.007650177030572995,
            0.007584312680202899,
            0.007523476320103417,
            0.008217153551903413,
            0.007694018506438685,
            0.007212071945225069,
            0.006836128138039124,
            0.008740361589409851,
            0.007386356964752524
        ]
    },
    "DQN": {
        "mean_reward": 1422.0780270218656,
        "std_reward": 99.67671883347896,
        "min_reward": 1153.7453599520484,
        "max_reward": 1528.8199999999981,
        "mean_episode_length": 120.0,
        "rewards": [
            1153.7453599520484,
            1435.4585003361888,
            1386.8798594942523,
            1528.8199999999981,
            1431.3937226981648,
            1525.0295272043834,
            1458.6799999999978,
            1471.1135789290076,
            1416.4439424319312,
            1413.2157791726831
        ],
        "episode_lengths": [
            120,
            120,
            120,
            120,
            120,
            120,
            120,
            120,
            120,
            120
        ],
        "mean_yield": 1.9011337836977873,
        "yields": [
            1.5340893325341587,
            1.9059750056031857,
            1.8679976582375641,
            1.9719999999999922,
            1.8965620449694531,
            1.9921587867397479,
            1.9879999999999922,
            1.9868929821501524,
            1.9757323738655515,
            1.8919296528780774
        ],
        "mean_water_usage": 175.0,
        "water_usage": [
            165,
            185,
            160,
            175,
            185,
            170,
            175,
            180,
            185,
            170
        ],
        "mean_water_efficiency": 0.010872083008142477,
        "water_efficiency": [
            0.009297511106267628,
            0.010302567597855057,
            0.011674985363984775,
            0.011268571428571385,
            0.010251686729564611,
            0.011718581098469105,
            0.011359999999999955,
            0.011038294345278624,
            0.010679634453327305,
            0.011128997958106337
        ]
    },
    "Dyna-Q": {
        "mean_reward": -220.51990264027228,
        "std_reward": 177.4635823407969,
        "min_reward": -596.3400000000005,
        "max_reward": 34.6999999999999,
        "mean_episode_length": 120.0,
        "rewards": [
            -596.3400000000005,
            -357.6000000000001,
            -291.0,
            34.6999999999999,
            -370.8,
            -130.30158716757026,
            -92.39999999999998,
            -175.65743923515137,
            -191.89999999999995,
            -33.89999999999991
        ],
        "episode_lengths": [
            120,
            120,
            120,
            120,
            120,
            120,
            120,
            120,
            120,
            120
        ],
        "mean_yield": 0.13666828932879724,
        "yields": [
            0.18100000000000008,
            0.1,
            0.1,
            0.1,
            0.1,
            0.19997354720716234,
            0.1,
            0.28570934608080983,
            0.1,
            0.1
        ],
        "mean_water_usage": 298.5,
        "water_usage": [
            275,
            320,
            335,
            315,
            325,
            280,
            260,
            270,
            310,
            295
        ],
        "mean_water_efficiency": 0.00047128949899329813,
        "water_efficiency": [
            0.0006581818181818185,
            0.0003125,
            0.00029850746268656717,
            0.00031746031746031746,
            0.0003076923076923077,
            0.0007141912400255798,
            0.0003846153846153846,
            0.0010581827632622587,
            0.0003225806451612903,
            0.00033898305084745765
        ]
    }
}